,"October Oyster Monitoring
IS 288 ORS,
October 13, 2016","ISLA 601
Sherman Creek South,
October 21, 2016","TYWLS Expedition 1
Astoria TYWLS ORS,
November 9, 2016","TYWLS Expedition 2
Astoria TYWLS ORS,
November 16, 2016","Sherman Creek Park 2
Sherman Creek South,
December 2, 2016","789 Monitoring Kaiser Site at 22nd street
IS 288 ORS,
December 9, 2016","Cold Cold Cold
IS 288 ORS,
January 27, 2017","Eels and Shrimp
IS 288 ORS,
March 21, 2017","TYWLS Expedition 3 (6-1)
Astoria TYWLS ORS,
April 6, 2017","TYWLS Expedition 4 (7-2)
Astoria TYWLS ORS,
April 20, 2017","Sherman Creek 3
Sherman Creek South,
April 21, 2017","TYWLS Expedition 5 (7 - 1)
Astoria TYWLS ORS,
May 10, 2017","Shooting Stars Week
IS 288 ORS,
May 19, 2017","Sherman Creek 4
Sherman Creek South,
May 30, 2017","Test
BOP Pier 101,
September 12, 2017","Weirdy Fish
IS 288 ORS,
October 26, 2017","No-Admin Test Expedition 2
Pier 101,
November 30, 2017","test 3
Pier 101,
December 7, 2017","Sub Zero
IS 288 ORS,
December 20, 2017","Test for Maintenance
BOP Test Station,
December 26, 2017","SNOWYSTERS
IS 288 ORS,
February 7, 2018"
"Water color
(1=Light Blue,2=Dark Blue,3=Light Green,
4=Dark Green,5=Light Brown,6=Dark Brown)",3,4,4,6,6,2,2,4,5,3,3,4,2,5,,4,,,1,,3
"Oil sheen present?
(1=Yes,0=No)",0,1,0,0,0,0,0,0,0,0,0,1,0,0,0,1,,,0,,0
Oyster Measurements (mm),,,,,,,,,,,,,,,,,,,,,
Substrate Shell #1,,,,,,,,,,,,,,,,,,,,,
Outer side photo,,,,,,,,,http://s3-us-west-1.amazonaws.com/digital-platform-prod-files/uploads/protocols/oyster-measurements/img/outer-substrates/6905587d87ad43718789cba01b1e7240.JPG,,,http://s3-us-west-1.amazonaws.com/digital-platform-prod-files/uploads/protocols/oyster-measurements/img/outer-substrates/954e4ddc36b75c7dcb6722ac480a4c0b.jpg,,,,,,,,,
Inner side photo,,,,,http://s3-us-west-1.amazonaws.com/digital-platform-prod-files/uploads/protocols/oyster-measurements/img/inner-substratesd6ba64c1d5c0f4347800f29de9d5115a.jpg,,,,http://s3-us-west-1.amazonaws.com/digital-platform-prod-files/uploads/protocols/oyster-measurements/img/inner-substratesf41b0fdcfc9321887460ac4794352951.JPG,,,http://s3-us-west-1.amazonaws.com/digital-platform-prod-files/uploads/protocols/oyster-measurements/img/inner-substrates1c7bd954bf7deb7c47e3de2ca7918b1a.jpg,,,,,,,,,
Set date,7/14/2015,11/9/2016,7/31/2015,7/31/2015,11/9/2016,7/14/2015,7/14/2015,7/14/2015,7/31/2015,7/31/2015,11/9/2016,7/31/2015,7/14/2015,11/9/2016,8/12/2016,7/14/2015,5/10/2018,7/14/2015,7/14/2015,,
Source,"Muscongus Bay, Maine",Harlem River,"Muscongus Bay, Maine","Muscongus Bay, Maine",Harlem River,"Muscongus Bay, Maine","Muscongus Bay, Maine","Muscongus Bay, Maine","Muscongus Bay, Maine","Muscongus Bay, Maine",Harlem River,"Muscongus Bay, Maine","Muscongus Bay, Maine",Harlem River,EB,"Muscongus Bay, Maine","Soundview, New York","Muscongus Bay, Maine","Muscongus Bay, Maine",,
Total number of live oysters at baseline,0,12,4,4,12,0,0,0,4,4,12,4,0,12,5,0,6,0,0,,
Total mass of live oysters at baseline (g),0,2,3.8,3.8,2,0,0,0,3.8,3.8,2,3.8,0,2,64,0,67,0,0,,
Total number of live oysters on shell,2,9,0,1,3,2,1,2,6,3,4,5,2,7,2,1,2,2,2,,
Total mass of scrubbed substrate shell + oysters + tag (g),0,7,78.5,35,7,197.2,69.5,154.6,52,30.08,0,6.1,166.5,0,0,,0,380.2,348.5,,
Measurements (mm),"80,5.9","3.2,6.2,0.3,0.4,2.5,3.4,2,3.2,1.5",,99999,"20,26,17","70,60",70,"72,87","42,35,35,45,35,25","44,36,5","6,5.2,4.2,3","30,30,50,40,30.5","81,75","4.1,3.5,3.6,4.2,5.5,3.3,3.5","5,10",8,"1,2","88,75","105,88",,
Minimum size of live oysters (mm),5.9,0.3,0,99999,17,60,70,72,25,5,3,30,75,3.3,5,8,1,75,88,,
Maximum size of live oysters (mm),80,6.2,0,99999,26,70,70,87,45,44,6,50,81,5.5,10,8,2,88,105,,
Average size of live oysters (mm),42.95,2.522222222,0,99999,21,65,70,79.5,36.16666667,28.33333333,4.6,36.1,78,3.957142857,7.5,8,1.5,81.5,96.5,,
Substrate Shell #2,,,,,,,,,,,,,,,,,,,,,
Outer side photo,,http://s3-us-west-1.amazonaws.com/digital-platform-prod-files/uploads/protocols/oyster-measurements/img/outer-substrates/f5c2b96df62fb1410e96278d064ab06e.jpg,,,http://s3-us-west-1.amazonaws.com/digital-platform-prod-files/uploads/protocols/oyster-measurements/img/outer-substrates/9cd4e5c864b5bb557d70655b7e905cd9.jpg,,,,http://s3-us-west-1.amazonaws.com/digital-platform-prod-files/uploads/protocols/oyster-measurements/img/outer-substrates/edbbde8f74435fda34cfbab5837266f6.JPG,,,http://s3-us-west-1.amazonaws.com/digital-platform-prod-files/uploads/protocols/oyster-measurements/img/outer-substrates/a41a10c0144cc748fd24f7b796002d5d.jpg,,,,,,,,,
Inner side photo,,http://s3-us-west-1.amazonaws.com/digital-platform-prod-files/uploads/protocols/oyster-measurements/img/inner-substrates2c71ae10ab134328a3c4e575cf24de63.jpg,,,,,,,http://s3-us-west-1.amazonaws.com/digital-platform-prod-files/uploads/protocols/oyster-measurements/img/inner-substrates28ad742ba40c88e07c0810de07e0453f.JPG,,,http://s3-us-west-1.amazonaws.com/digital-platform-prod-files/uploads/protocols/oyster-measurements/img/inner-substrates8f13f2207f7183009c2c12a9d8cbffba.jpg,,,,,,,,,
Set date,7/14/2015,10/19/2016,7/31/2015,7/31/2015,10/19/2016,7/14/2015,7/14/2015,7/14/2015,7/31/2015,7/31/2015,10/19/2016,7/31/2015,7/14/2015,10/19/2016,3/10/2014,7/14/2015,,7/14/2015,7/14/2015,,
Source,"Muscongus Bay, Maine","Bronx River, New York","Muscongus Bay, Maine","Muscongus Bay, Maine","Bronx River, New York","Muscongus Bay, Maine","Muscongus Bay, Maine","Muscongus Bay, Maine","Muscongus Bay, Maine","Muscongus Bay, Maine","Bronx River, New York","Muscongus Bay, Maine","Muscongus Bay, Maine","Bronx River, New York",EB,"Muscongus Bay, Maine",,"Muscongus Bay, Maine","Muscongus Bay, Maine",,
Total number of live oysters at baseline,0,9,6,6,9,0,0,0,6,6,9,6,0,9,,0,,0,0,,
Total mass of live oysters at baseline (g),250,7,5.2,5.2,7,250,250,250,5.2,5.2,7,5.2,250,7,,250,,250,250,,
Total number of live oysters on shell,0,6,0,1,4,0,2,0,4,6,10,4,0,10,0,2,0,1,0,,
Total mass of scrubbed substrate shell + oysters + tag (g),0,7,68.5,50,13,0,161.8,0,38,62.3,0,4,0,0,0,0,0,165.8,0,,
Measurements (mm),,"1.5,3.4,1.3,2.3,2.2,2",,99999,"25,23,22,21",,"86,69",,"35,18,32,53","41,34,37,40,25,25","5.2,4.5,5.1,3.5,3.5,3.2,5.5,5.1,5.3,4.5","10,40.5,30,20",,"4,4.6,5.2,5.6,4.8,3.6,3.5,5.1,4.5,2.3",,"15,6",,115,,,
Minimum size of live oysters (mm),59,1.3,0,99999,21,0,69,,18,25,3.2,10,,2.3,0,6,,115,0,,
Maximum size of live oysters (mm),80,3.4,0,99999,25,0,86,,53,41,5.5,40.5,,5.6,0,15,,115,0,,
Average size of live oysters (mm),69.5,2.116666667,0,99999,22.75,0,77.5,,34.5,33.66666667,4.54,25.125,,4.32,0,10.5,,115,0,,
Substrate Shell #3,,,,,,,,,,,,,,,,,,,,,
Outer side photo,,,,,,,,,http://s3-us-west-1.amazonaws.com/digital-platform-prod-files/uploads/protocols/oyster-measurements/img/outer-substrates/2175edecbc08354bf1b528bcf0bd2502.JPG,http://s3-us-west-1.amazonaws.com/digital-platform-prod-files/uploads/protocols/oyster-measurements/img/outer-substrates/3bad58e4aacd07478b6eae3eaa733724.JPG,,http://s3-us-west-1.amazonaws.com/digital-platform-prod-files/uploads/protocols/oyster-measurements/img/outer-substrates/5966fa955a2c1a7a817b740e24821a9f.JPG,,,,,,,,,
Inner side photo,,,,,,,,,http://s3-us-west-1.amazonaws.com/digital-platform-prod-files/uploads/protocols/oyster-measurements/img/inner-substrates90599baea02e025a9b4deb5c86830e5a.JPG,http://s3-us-west-1.amazonaws.com/digital-platform-prod-files/uploads/protocols/oyster-measurements/img/inner-substratesa2bcf0cd3c20aabe7ccd2cfeb313d867.JPG,,http://s3-us-west-1.amazonaws.com/digital-platform-prod-files/uploads/protocols/oyster-measurements/img/inner-substratese22d8017945235b89a3ac6659f7d9e48.JPG,,,,,,,,,
Set date,7/6/2015,10/20/2016,7/31/2015,7/31/2015,10/20/2016,7/6/2015,7/6/2015,7/6/2015,7/31/2015,7/31/2015,10/20/2016,7/31/2015,7/6/2015,10/20/2016,6/30/2016,7/6/2015,,7/6/2015,7/6/2015,,
Source,"Muscongus Bay, Maine","Bronx River, New York","Muscongus Bay, Maine","Muscongus Bay, Maine","Bronx River, New York","Muscongus Bay, Maine","Muscongus Bay, Maine","Muscongus Bay, Maine","Muscongus Bay, Maine","Muscongus Bay, Maine","Bronx River, New York","Muscongus Bay, Maine","Muscongus Bay, Maine","Bronx River, New York",EB,"Muscongus Bay, Maine",,"Muscongus Bay, Maine","Muscongus Bay, Maine",,
Total number of live oysters at baseline,0,10,21,21,10,0,0,0,21,21,10,21,0,10,5,0,,0,0,,
Total mass of live oysters at baseline (g),86.8,5,8,8,5,86.8,86.8,86.8,8,8,5,8,86.8,5,28,86.8,,86.8,86.8,,
Total number of live oysters on shell,1,7,1,1,0,1,0,0,21,13,10,13,0,6,0,3,0,0,0,,
Total mass of scrubbed substrate shell + oysters + tag (g),0,6,55.8,55.8,0,76.3,0,0,80,79.4,0,80,0,0,0,0,0,0,0,,
Measurements (mm),56,"1.3,3.4,1,2.4,1.7,3.7,0.9",99999,99999,,70,,,"20,20,15,18,15,16,18,25,18,16,18,17,20,18,12,20,20,18,18,12,12","15.1,10.1,14.6,18.6,16,16,15.4,21.1,21.1,18.6,20.1,16.3,20.1","5.6,3.3,4.3,3.2,3.5,6.2,5.1,3.6,5,3.5","10,10,10,20,15,15,20,20,21,25,25,30,20",,"3,2.1,3.1,1.9,3.7,2.7",,"7,8.5,12",,,,,
Minimum size of live oysters (mm),56,0.9,99999,99999,,70,0,,12,10.1,3.2,10,,1.9,,7,,,0,,
Maximum size of live oysters (mm),56,3.7,99999,99999,,70,0,,25,21.1,6.2,30,,3.7,,12,,,0,,
Average size of live oysters (mm),56,2.057142857,99999,99999,,70,0,,17.42857143,17.16153846,4.33,18.53846154,,2.75,,9.166666667,,,0,,
Substrate Shell #4,,,,,,,,,,,,,,,,,,,,,
Outer side photo,,,,,,,,,http://s3-us-west-1.amazonaws.com/digital-platform-prod-files/uploads/protocols/oyster-measurements/img/outer-substrates/b27050d209856392399088439fd4aeb9.JPG,,,http://s3-us-west-1.amazonaws.com/digital-platform-prod-files/uploads/protocols/oyster-measurements/img/outer-substrates/9de49df313a3b31a773460c0d0318abc.JPG,,,,,,,,,
Inner side photo,,,,,,,,,http://s3-us-west-1.amazonaws.com/digital-platform-prod-files/uploads/protocols/oyster-measurements/img/inner-substrates66a1177402d35200eebc4e794ff31668.JPG,,,http://s3-us-west-1.amazonaws.com/digital-platform-prod-files/uploads/protocols/oyster-measurements/img/inner-substrates3236247901b5673f5c237fbe3d142bb2.JPG,,,,,,,,,
Set date,2/1/2017,10/20/2016,7/31/2015,7/31/2015,10/20/2016,2/1/2017,2/1/2017,2/1/2017,7/31/2015,7/31/2015,10/20/2016,7/31/2015,2/1/2017,10/20/2016,6/29/2016,2/1/2017,,2/1/2017,2/1/2017,,
Source,"Muscongus Bay, Maine","Bronx River, New York","Muscongus Bay, Maine","Muscongus Bay, Maine","Bronx River, New York","Muscongus Bay, Maine","Muscongus Bay, Maine","Muscongus Bay, Maine","Muscongus Bay, Maine","Muscongus Bay, Maine","Bronx River, New York","Muscongus Bay, Maine","Muscongus Bay, Maine","Bronx River, New York",fi,"Muscongus Bay, Maine",,"Muscongus Bay, Maine","Muscongus Bay, Maine",,
Total number of live oysters at baseline,0,9,21,21,9,0,0,0,21,21,9,21,0,9,,0,,0,0,,
Total mass of live oysters at baseline (g),75.9,5,6.3,6.3,5,75.9,75.9,75.9,6.3,6.3,5,6.3,75.9,5,,75.9,,75.9,75.9,,
Total number of live oysters on shell,1,6,1,0,0,2,2,1,21,35,10,28,1,10,0,0,0,0,0,,
Total mass of scrubbed substrate shell + oysters + tag (g),0,7,64.7,64.7,0,198.7,159.5,75.9,63,62.2,0,90,75.9,0,0,0,0,0,0,,
Measurements (mm),64,"2.4,3.1,2,1.5,2.7,1.7",99999,,,"80,70","57,83",75,"28,23,20,20,20,20,15,21,18,8,18,15,17,13,16,20,10,17,25,15,23","29,16,21,7,9,18,2,25,27,26,8,9,5,16,19,13,20,3,12,19,7,6,6,12,22,10,10,7,11,21,20,24,9,24,14","5.7,4.5,4.9,2.8,7,3.2,4.8,4.5,4.5,2.9","3,3,4,5,5,10,10,10,10,15,10,10,25,25,25,30,32,30,25,20,20,20,20,15,15,18,17,15",73,"2,3.9,4.4,2.1,3.5,4.2,3.4,3.5,5.6,4.7",,,,,,,
Minimum size of live oysters (mm),64,1.5,99999,0,,70,57,75,8,2,2.8,3,73,2,,,,,0,,
Maximum size of live oysters (mm),64,3.1,99999,0,,80,83,75,28,29,7,32,73,5.6,,,,,0,,
Average size of live oysters (mm),64,2.233333333,99999,0,,75,70,75,18.19047619,14.48571429,4.48,15.96428571,73,3.73,,,,,0,,
Substrate Shell #5,,,,,,,,,,,,,,,,,,,,,
Outer side photo,,,,,,,,,http://s3-us-west-1.amazonaws.com/digital-platform-prod-files/uploads/protocols/oyster-measurements/img/outer-substrates/3063b63e6f60644c95fa918c6f168f6d.JPG,http://s3-us-west-1.amazonaws.com/digital-platform-prod-files/uploads/protocols/oyster-measurements/img/outer-substrates/d4ab46077554554243053ed5a7cedbfb.JPG,,http://s3-us-west-1.amazonaws.com/digital-platform-prod-files/uploads/protocols/oyster-measurements/img/outer-substrates/f05ed225586eb8a1fe05be5f1d5f915c.JPG,,,,,,,,,
Inner side photo,,,,,,,,,http://s3-us-west-1.amazonaws.com/digital-platform-prod-files/uploads/protocols/oyster-measurements/img/inner-substratesc3629dea468215ffa2c0bdf8b73fe0e2.JPG,http://s3-us-west-1.amazonaws.com/digital-platform-prod-files/uploads/protocols/oyster-measurements/img/inner-substrates1e850c21dc3eaa756aa6b3c84f663290.JPG,,http://s3-us-west-1.amazonaws.com/digital-platform-prod-files/uploads/protocols/oyster-measurements/img/inner-substrates02dcb0f71ace8136b4797f4840648d1d.JPG,,,,,,,,,
Set date,,12/12/2016,7/31/2015,7/31/2015,12/12/2016,,,,7/31/2015,7/31/2015,12/12/2016,7/31/2015,,12/12/2016,6/30/2016,,,,,,
Source,,Harlem river,"Muscongus Bay, Maine","Muscongus Bay, Maine",Harlem river,,,,"Muscongus Bay, Maine","Muscongus Bay, Maine",Harlem river,"Muscongus Bay, Maine",,Harlem river,fi,,,,,,
Total number of live oysters at baseline,,9,8,8,9,,,,8,8,9,8,,9,,,,,,,
Total mass of live oysters at baseline (g),,7,8.4,8.4,7,,,,8.4,8.4,7,8.4,,7,,,,,,,
Total number of live oysters on shell,0,6,0,0,0,0,1,0,8,1,10,5,0,10,0,0,0,0,0,,
Total mass of scrubbed substrate shell + oysters + tag (g),0,7,74.8,74.8,0,27.5,29.5,0,84,76.2,0,33,0,0,0,0,0,0,0,,
Measurements (mm),,"3,2.1,3.1,1.9,3.7,2.7",,,,,,,"26,20,38,27,30,28,41,40",35,"6.6,5.3,3.4,3,3.4,4.5,5.2,4.3,5.2,6.7","35,20,30,45,27",,"3.6,4.4,2.6,4.3,4.2,4,3.4,3,3.6,2.1",,,,,,,
Minimum size of live oysters (mm),,1.9,0,0,,0,0,,20,35,3,20,,2.1,,,,,0,,
Maximum size of live oysters (mm),,3.7,0,0,,0,0,,41,35,6.7,45,,4.4,,,,,0,,
Average size of live oysters (mm),,2.75,0,0,,0,0,,31.25,35,4.76,31.4,,3.52,,,,,0,,
Substrate Shell #6,,,,,,,,,,,,,,,,,,,,,
Outer side photo,,,http://s3-us-west-1.amazonaws.com/digital-platform-prod-files/uploads/protocols/oyster-measurements/img/outer-substrates/27284f362fa6605eda5e2c1929d7d892.JPG,,,,,,http://s3-us-west-1.amazonaws.com/digital-platform-prod-files/uploads/protocols/oyster-measurements/img/outer-substrates/cd4480080293f99e8058fc75cc92daee.JPG,,,http://s3-us-west-1.amazonaws.com/digital-platform-prod-files/uploads/protocols/oyster-measurements/img/outer-substrates/fe838fc327e3abf596eabc7ffb2f04a5.JPG,,,,,,,,,
Inner side photo,,,,http://s3-us-west-1.amazonaws.com/digital-platform-prod-files/uploads/protocols/oyster-measurements/img/inner-substrates35f2f0741994847e7dc747d05ccb5f0d.JPG,,,,,http://s3-us-west-1.amazonaws.com/digital-platform-prod-files/uploads/protocols/oyster-measurements/img/inner-substrates83bd66bac2ecda7d79fd91c0f27b0dc3.JPG,,,http://s3-us-west-1.amazonaws.com/digital-platform-prod-files/uploads/protocols/oyster-measurements/img/inner-substrates190fe06d3a76630fc833c70698161713.JPG,,,,,,,,,
Set date,,5/16/2017,7/31/2015,7/31/2015,5/16/2017,,,,7/31/2015,7/31/2015,5/16/2017,7/31/2015,,5/16/2017,3/15/2017,,,,,,
Source,,Harlem river,"Muscongus Bay, Maine","Muscongus Bay, Maine",Harlem river,,,,"Muscongus Bay, Maine","Muscongus Bay, Maine",Harlem river,"Muscongus Bay, Maine",,Harlem river,E.B,,,,,,
Total number of live oysters at baseline,,,12,12,,,,,12,12,,12,,,9,,,,,,
Total mass of live oysters at baseline (g),,,7.2,7.2,,,,,7.2,7.2,,7.2,,,,,,,,,
Total number of live oysters on shell,0,7,0,0,0,2,1,0,12,7,10,10,1,10,0,0,0,0,0,,
Total mass of scrubbed substrate shell + oysters + tag (g),0,6,0,71,0,127.4,67.8,0,72,61.5,0,52,45.6,0,0,0,0,0,0,,
Measurements (mm),,"2,3.12,4.4,2.1,3.5,4.2,3.4",,,,"75,64",64,,"20,15,18,18,21,14,25,28,12,25,30,15","20,25,20,30,15,13,25","3.3,4.5,6,1.8,0.5,6.9,1,5.8,5.9,4","22,19,15,27,22,4,3,15,15,16",60,"4.6,4.8,2.6,6,3.3,3.7,4.9,5,2.9,3.5",,,,,,,
Minimum size of live oysters (mm),,2,0,0,,64,64,,12,13,0.5,3,60,2.6,,,,,0,,
Maximum size of live oysters (mm),,4.4,0,0,,75,64,,30,30,6.9,27,60,6,,,,,0,,
Average size of live oysters (mm),,3.245714286,0,0,,69.5,64,,20.08333333,21.14285714,3.97,15.8,60,4.13,,,,,0,,
Substrate Shell #7,,,,,,,,,,,,,,,,,,,,,
Outer side photo,,http://s3-us-west-1.amazonaws.com/digital-platform-prod-files/uploads/protocols/oyster-measurements/img/outer-substrates/967babc17a40cfcb539ae668e3a0a3aa.jpg,,,,,,,http://s3-us-west-1.amazonaws.com/digital-platform-prod-files/uploads/protocols/oyster-measurements/img/outer-substrates/b1fb6bfc9dee80b4cb1c5699062e5484.JPG,http://s3-us-west-1.amazonaws.com/digital-platform-prod-files/uploads/protocols/oyster-measurements/img/outer-substrates/dd488d5b8bf03b3d373f2614f78ef115.JPG,,,,,,,,,,,
Inner side photo,,http://s3-us-west-1.amazonaws.com/digital-platform-prod-files/uploads/protocols/oyster-measurements/img/inner-substratesf4e9e098f0dfc5052179e9ee7513f394.jpg,,,,,,,http://s3-us-west-1.amazonaws.com/digital-platform-prod-files/uploads/protocols/oyster-measurements/img/inner-substratesd9fb42f786e91d30163aafb0ba1b7f7f.JPG,http://s3-us-west-1.amazonaws.com/digital-platform-prod-files/uploads/protocols/oyster-measurements/img/inner-substrates5cd9aa0d4724c5d8284eba56a1912c26.JPG,,http://s3-us-west-1.amazonaws.com/digital-platform-prod-files/uploads/protocols/oyster-measurements/img/inner-substrates5e4895f63e043531a3afadc37f884f72.JPG,,,,,,,,,
Set date,3/26/2017,11/7/2016,7/31/2015,7/31/2015,11/7/2016,3/26/2017,3/26/2017,3/26/2017,7/31/2015,7/31/2015,11/7/2016,7/31/2015,3/26/2017,11/7/2016,6/28/2016,3/26/2017,,3/26/2017,3/26/2017,,
Source,"Muscongus Bay, Maine",Harlem River,"Muscongus Bay, Maine","Muscongus Bay, Maine",Harlem River,"Muscongus Bay, Maine","Muscongus Bay, Maine","Muscongus Bay, Maine","Muscongus Bay, Maine","Muscongus Bay, Maine",Harlem River,"Muscongus Bay, Maine","Muscongus Bay, Maine",Harlem River,Erie Basin,"Muscongus Bay, Maine",,"Muscongus Bay, Maine","Muscongus Bay, Maine",,
Total number of live oysters at baseline,0,21,6,6,21,0,0,0,6,6,21,6,0,21,6,0,,0,0,,
Total mass of live oysters at baseline (g),60.1,8,4.9,4.9,8,60.1,60.1,60.1,4.9,4.9,8,4.9,60.1,8,59,60.1,,60.1,60.1,,
Total number of live oysters on shell,1,12,0,0,0,1,0,2,6,5,10,5,1,8,0,0,0,0,0,,
Total mass of scrubbed substrate shell + oysters + tag (g),0,9,0,27.8,0,68.9,0,60.1,49,46.2,0,50,59.5,0,0,0,0,0,0,,
Measurements (mm),6.1,"4.7,3.8,2,4,2.13,3.5,1,4.04,2.1,3.9,4.7,3.4",,,,65,,"37,68","35,18,42,35,40,36","30,40,30,41,25","2.4,7.8,2,2.9,4.7,3.5,4.7,6,3,4.7","25,30,32,35,43",64,"6.5,5.2,3.4,5.7,3.2,4.3,6.6,6.7",,,,,,,
Minimum size of live oysters (mm),6.1,1,,0,,65,,37,18,25,2,25,64,3.2,,,,,0,,
Maximum size of live oysters (mm),6.1,4.7,,0,,65,,68,42,41,7.8,43,64,6.7,,,,,0,,
Average size of live oysters (mm),6.1,3.2725,,0,,65,,52.5,34.33333333,33.2,4.17,33,64,5.2,,,,,0,,
Substrate Shell #8,,,,,,,,,,,,,,,,,,,,,
Outer side photo,,,,,,,,,http://s3-us-west-1.amazonaws.com/digital-platform-prod-files/uploads/protocols/oyster-measurements/img/outer-substrates/b2fe660f0696ed548f85998b1cb46f55.JPG,http://s3-us-west-1.amazonaws.com/digital-platform-prod-files/uploads/protocols/oyster-measurements/img/outer-substrates/11a7cef3af8b7c2c1ab8a0565712c87a.JPG,,http://s3-us-west-1.amazonaws.com/digital-platform-prod-files/uploads/protocols/oyster-measurements/img/outer-substrates/6de353829018919d617a6a72666e81ac.JPG,,,,,,,,,
Inner side photo,,,,,,,,,http://s3-us-west-1.amazonaws.com/digital-platform-prod-files/uploads/protocols/oyster-measurements/img/inner-substratese1ffc928d8f67ee4d5ee7cee3b2e63cf.JPG,http://s3-us-west-1.amazonaws.com/digital-platform-prod-files/uploads/protocols/oyster-measurements/img/inner-substrates3063c10d080348abc14ec5f1459f9bed.JPG,,http://s3-us-west-1.amazonaws.com/digital-platform-prod-files/uploads/protocols/oyster-measurements/img/inner-substratese028cfdf423a3746f0aeb4b3a1154573.JPG,,,,,,,,,
Set date,,,7/31/2015,7/31/2015,,,,,7/31/2015,7/31/2015,,7/31/2015,,,8/15/2016,,,,,,
Source,,,"Muscongus Bay, Maine","Muscongus Bay, Maine",,,,,"Muscongus Bay, Maine","Muscongus Bay, Maine",,"Muscongus Bay, Maine",,,"Muscongus Bay, Maine",,,,,,
Total number of live oysters at baseline,,,5,5,,,,,5,5,,5,,,2,,,,,,
Total mass of live oysters at baseline (g),,,10.5,10.5,,,,,10.5,10.5,,10.5,,,,,,,,,
Total number of live oysters on shell,1,9,0,0,0,0,1,1,5,5,7,5,1,10,0,0,0,0,0,,
Total mass of scrubbed substrate shell + oysters + tag (g),0,7,0,53,0,0,86.1,76.6,105,94.5,0,85,1,0,0,0,0,0,0,,
Measurements (mm),64,"3.2,3.01,4,2.04,1.09,1.07,2,1,1",,,,,80,79,"58,30,34,28,37","60,28,20,25,5","4.6,7,2.7,3.3,3,3.1,5","10,15,25,40,45",73,"5.5,4.5,3.2,3.2,2.6,3.6,3.4,4.3,5.1,5.2",,,,,,,
Minimum size of live oysters (mm),64,1,,0,,0,80,79,28,5,2.7,10,73,2.6,,,,,0,,
Maximum size of live oysters (mm),64,4,,0,,0,80,79,58,60,7,45,73,5.5,,,,,0,,
Average size of live oysters (mm),64,2.045555556,,0,,0,80,79,37.4,27.6,4.1,27,73,4.06,,,,,0,,
Substrate Shell #9,,,,,,,,,,,,,,,,,,,,,
Outer side photo,,,,,,,,,http://s3-us-west-1.amazonaws.com/digital-platform-prod-files/uploads/protocols/oyster-measurements/img/outer-substrates/cf74f705ed83a7e658ea3a8417a0fe21.JPG,http://s3-us-west-1.amazonaws.com/digital-platform-prod-files/uploads/protocols/oyster-measurements/img/outer-substrates/0b22e08e821aac032b7adf0961214333.JPG,,http://s3-us-west-1.amazonaws.com/digital-platform-prod-files/uploads/protocols/oyster-measurements/img/outer-substrates/9f8c0a63dabda91262360b68bc83c6fb.JPG,,,,,,,,,
Inner side photo,,,,,,,,,http://s3-us-west-1.amazonaws.com/digital-platform-prod-files/uploads/protocols/oyster-measurements/img/inner-substrates799ddf6ead9df274cb69f4f7cfdb3801.JPG,http://s3-us-west-1.amazonaws.com/digital-platform-prod-files/uploads/protocols/oyster-measurements/img/inner-substratesfe5cc91648ff6283b42d0714a83aa369.JPG,,http://s3-us-west-1.amazonaws.com/digital-platform-prod-files/uploads/protocols/oyster-measurements/img/inner-substrates4c66094f1a8011237fb922103a062ef1.JPG,,,,,,,,,
Set date,6/26/2015,12/11/2016,7/31/2015,7/31/2015,12/11/2016,6/26/2015,6/26/2015,6/26/2015,7/31/2015,7/31/2015,12/11/2016,7/31/2015,6/26/2015,12/11/2016,3/9/2017,6/26/2015,,6/26/2015,6/26/2015,,
Source,"Muscongus Bay, Maine",Harlem River,"Muscongus Bay, Maine","Muscongus Bay, Maine",Harlem River,"Muscongus Bay, Maine","Muscongus Bay, Maine","Muscongus Bay, Maine","Muscongus Bay, Maine","Muscongus Bay, Maine",Harlem River,"Muscongus Bay, Maine","Muscongus Bay, Maine",Harlem River,EB,"Muscongus Bay, Maine",,"Muscongus Bay, Maine","Muscongus Bay, Maine",,
Total number of live oysters at baseline,0,3,6,6,3,0,0,0,6,6,3,6,0,3,9,0,,0,0,,
Total mass of live oysters at baseline (g),165.48,5,15.3,15.3,5,165.48,165.48,165.48,15.3,15.3,5,15.3,165.48,5,59,165.48,,165.48,165.48,,
Total number of live oysters on shell,1,8,0,0,0,1,1,1,5,6,10,5,1,8,0,0,0,0,1,,
Total mass of scrubbed substrate shell + oysters + tag (g),0,45,0,12.7,0,92.4,73.3,6.4,72,63.7,0,16.5,68.1,0,0,0,0,0,165.6,,
Measurements (mm),70,"4.1,1.4,2.2,3.4,1.2,3.2,2.3,3.3",,,,81,66,30,"35,23,28,53,32","25.3,14.1,46.6,31.6,26.3,26.1","3,3.7,1,2.4,8.6,2,3.5,7,4,6","15,20,20,25,40",80,"6.7,3.8,5.1,3.5,3.9,6.5,2.7,3.4",,,,,115,,
Minimum size of live oysters (mm),70,1.2,,0,,81,66,30,23,14.1,1,15,80,2.7,,,,,115,,
Maximum size of live oysters (mm),70,4.1,,0,,81,66,30,53,46.6,8.6,40,80,6.7,,,,,115,,
Average size of live oysters (mm),70,2.6375,,0,,81,66,30,34.2,28.33333333,4.12,24,80,4.45,,,,,115,,
Substrate Shell #10,,,,,,,,,,,,,,,,,,,,,
Outer side photo,,,,http://s3-us-west-1.amazonaws.com/digital-platform-prod-files/uploads/protocols/oyster-measurements/img/outer-substrates/4c328ca1d1690859d4f52ca7ff65d228.JPG,,,,,http://s3-us-west-1.amazonaws.com/digital-platform-prod-files/uploads/protocols/oyster-measurements/img/outer-substrates/57ebfb76cecc55d9ad207b9c49c55b31.JPG,http://s3-us-west-1.amazonaws.com/digital-platform-prod-files/uploads/protocols/oyster-measurements/img/outer-substrates/85b1f83998e6bbdf7a945fddc491e60d.JPG,,http://s3-us-west-1.amazonaws.com/digital-platform-prod-files/uploads/protocols/oyster-measurements/img/outer-substrates/d5cd8cbcedf524d51d4b9072faf53d38.JPG,,,,,,,,,
Inner side photo,,,,,,,,,http://s3-us-west-1.amazonaws.com/digital-platform-prod-files/uploads/protocols/oyster-measurements/img/inner-substrates61fb8d216d724a74d8d3c0088b87681e.JPG,http://s3-us-west-1.amazonaws.com/digital-platform-prod-files/uploads/protocols/oyster-measurements/img/inner-substratesa84be0a5e4add185e8f05a8ae83bbd4e.JPG,,http://s3-us-west-1.amazonaws.com/digital-platform-prod-files/uploads/protocols/oyster-measurements/img/inner-substrates4d638ea1e17f2c59de6591a6942de735.JPG,,,,,,,,,
Set date,,,7/29/2015,7/29/2015,,,,,7/29/2015,7/29/2015,,7/29/2015,,,6/30/2016,,,,,,
Source,,,"Muscongus Bay, Maine","Muscongus Bay, Maine",,,,,"Muscongus Bay, Maine","Muscongus Bay, Maine",,"Muscongus Bay, Maine",,,fi,,,,,,
Total number of live oysters at baseline,,,14,14,,,,,14,14,,14,,,,,,,,,
Total mass of live oysters at baseline (g),,,5.76,5.76,,,,,5.76,5.76,,5.76,,,,,,,,,
Total number of live oysters on shell,0,8,0,0,0,0,0,0,14,20,15,20,0,10,0,0,0,0,0,,
Total mass of scrubbed substrate shell + oysters + tag (g),0,4,0,17,0,0,0,0,58,55,0,10.7,0,0,0,0,0,0,0,,
Measurements (mm),,"5.6,4.4,5.6,2.5,3.2,2.4,3.5,2.1",,,,,,,"23,27,20,18,22,30,35,16,26,32,23,18,18,21","14,30,10,21,10,19,18,22,30,26,17,15,10,10,20,15,16,26,24,10","5,6.4,1.5,6.1,3.5,2.5,3.4,2.4,6,5.5,1.5,5.3,3.3,3.7,2","10,10,15,20,20,30,25,25,35,30,35,35,35,40,35,45,35,35,28,30",,"6,4.4,2.9,4.1,3.5,4.2,5.6,6.4,4.1,7.1",,,,,,,
Minimum size of live oysters (mm),0,2.1,,0,,,,,16,10,1.5,10,,2.9,,,,,0,,
Maximum size of live oysters (mm),0,5.6,,0,,,,,35,30,6.4,45,,7.1,,,,,0,,
Average size of live oysters (mm),0,3.6625,,0,,,,,23.5,18.15,3.873333333,28.65,,4.83,,,,,0,,
Minimum size of all live oysters (mm),5.9,0.3,99999,99999,17,60,57,30,8,2,0.5,3,60,1.9,5,6,,1,75,,88
Maximum size of all live oysters (mm),80,6.2,99999,99999,26,81,86,87,58,60,8.6,50,81,7.1,10,15,,2,115,,115
Average size of all live oysters (mm),49.42857143,2.698717949,99999,99999,22,70.55555556,71.875,64,24.38235294,20.16930693,4.259375,22.77,72.28571429,4.126966292,7.5,9.416666667,,1.5,92.66666667,,102.6666667
Total number of all live oysters,7,78,2,3,7,9,8,7,102,101,96,100,7,89,2,6,,2,3,,3
Water Quality Sample #1,,,,,,,,,,,,,,,,,,,,,
Depth (m),0,10,2,0,35,0,0,0,0.5,0,,0,1,0,,0,,,,,
Location (coordinates),"40.57954165275019, -73.992919921875","40.863679665481676, -73.6798095703125","40.76845173617708, -73.93850326538086","40.76845173617708, -73.93850326538086","40.863679665481676, -73.6798095703125","40.57954165275019, -73.992919921875","40.57954165275019, -73.992919921875","40.72819784159945, -74.01204407215118","40.76845173617708, -73.93850326538086","40.76845173617708, -73.93850326538086","40.863679665481676, -73.6798095703125","40.769166779384996, -73.9365291595459","40.57954165275019, -73.992919921875","40.863679665481676, -73.6798095703125","40.69144210646147, -74.01216745376587","40.57954165275019, -73.992919921875","40.57954165275019, -73.992919921875","40.57954165275019, -73.992919921875",,,
Water Temperature,,,,,,,,,,,,,,,,,,,,,
Method,Digital thermometer,Digital thermometer,Digital thermometer,Digital thermometer,Digital thermometer,Digital thermometer,Digital thermometer,Digital thermometer,Analog thermometer,Analog thermometer,Digital thermometer,Analog thermometer,Digital thermometer,Digital thermometer,Digital thermometer,Digital thermometer,Digital thermometer,Digital thermometer,,,
Unit,C,C,F,C,C,C,C,C,C,C,F,C,C,F,F,C,C,C,,,
Results,"17.7,17.8,18","64.9,64.9,64.9","53,54,53","5,5,6","15,19,4","16.8,16.9,16.8","39,31","65,64","5,4,7","10,11,10","64.9,64.9,64.9","15,15,12","14.5,14.1,14.4","50,49,49","50,50","17.6,17.7,17.3","6.7,6.6,6.4","1.9,1.8,1.9",,,
Average,17.83,64.9,53.33,5.33,12.67,16.83,35,64.5,5.33,10.33,64.9,14,14.33,49.33,50,17.53,6.57,1.87,,,
Dissolved Oxygen,,,,,,,,,,,,,,,,,,,,,
Method,Colormetric ampules,Colormetric ampules,Colormetric ampules,Colormetric ampules,Colormetric ampules,Colormetric ampules,Colormetric ampules,Colormetric ampules,Colormetric ampules,Colormetric ampules,Colormetric ampules,,Colormetric ampules,Colormetric ampules,,Colormetric ampules,Colormetric ampules,Colormetric ampules,,,
Unit,mg/L (ppm),mg/L (ppm),mg/L (ppm),mg/L (ppm),mg/L (ppm),% saturation,mg/L (ppm),mg/L (ppm),mg/L (ppm),mg/L (ppm),mg/L (ppm),mg/L (ppm),mg/L (ppm),mg/L (ppm),,mg/L (ppm),mg/L (ppm),mg/L (ppm),,,
Results,"9,3,6","5,5,5","8,10,8","10,9,9","10,21,9","6,9,8","10,12","-1,-1,-1","7,8,7","9,9,8","5,5,5","10,10,10","10,000,010,000,001,000,000","4,32,32",,"1,111,111,111,111","4,4,4","4,5,6",,,
Average,6,5,8.67,9.33,13.33,7.67,11,-1,7.33,8.67,5,10,700000,22.67,,4444.33,4,5,,,
Salinity,,,,,,,,,,,,,,,,,,,,,
Method,Hydrometer,Hydrometer,Hydrometer,Hydrometer,Hydrometer,Hydrometer,Hydrometer,Hydrometer,Hydrometer,Hydrometer,Hydrometer,Hydrometer,Hydrometer,Hydrometer,,Hydrometer,Hydrometer,Hydrometer,,,
Unit,PPT,PPT,PPT,PPT,PPT,PPT,PPT,PPT,PPT,,PPT,PPT,PPT,PPT,,PPT,PPT,PPT,,,
Results,"26,26,25","20,20,20","26,24,26","26,25,26","11,18,7","22,24,23","19,18.5,20","19.5,16","19,20,17","22,19,22","9,9,9","17,17,17","15,15,12","12,12,12",,"26,25,25","1.016,1.015,1.016","16,17,16",,,
Average,25.67,20,25.33,25.67,12,23,19.17,17.75,18.67,21,9,17,14,12,,25.33,1.02,16.33,,,
pH,,,,,,,,,,,,,,,,,,,,,
Method,Test strips,Test strips,Test strips,Test strips,Test strips,Sensor,Sensor (read only),Sensor,Test strips,Test strips,Sensor,Test strips,Test strips,Test strips,,Sensor (read only),Test strips,Sensor,,,
Unit,pH (logscale),pH (logscale),pH (logscale),pH (logscale),pH (logscale),pH (logscale),pH (logscale),pH (logscale),pH (logscale),pH (logscale),pH (logscale),pH (logscale),pH (logscale),pH (logscale),,pH (logscale),pH (logscale),pH (logscale),,,
Results,"7.3,7.3,7.4","7.4,7.4,7.4","7,7,7","7,7,7","12,7,9","7.4,7.2,7.3","7.7,7.8,7.5","8.1,7.8","6.5,6.5,6.5","7.5,7,7","7.4,7.4,7.4","7.6,7.6,6.2","7.5,7.6,7.5","2,2,1",,"7.6,7.6,7.6","6.5,6.5,6","6.5,6.5,6.5",,,
Average,7.33,7.4,7,7,9.33,7.3,7.67,7.95,6.5,7.17,7.4,7.13,7.53,1.67,,7.6,6.33,6.5,,,
Turbidity,,,,,,,,,,,,,,,,,,,,,
Method,Turbidity tube,Turbidity tube,Turbidity tube,Turbidity tube,Turbidity tube,Turbidity tube,Turbidity tube,Turbidity tube,Turbidity tube,,Turbidity tube,Turbidity tube,Turbidity tube,,,Turbidity tube,Turbidity tube,Turbidity tube,,,
Unit,cm,cm,cm,cm,cm,cm,cm,cm,cm,,cm,cm,cm,,,cm,cm,cm,,,
Results,"11,13,12","41,41,41","50,44,45","75,74,74","10,17,14","40,42,51","75,83,72",63,"71,71,71",,"41,41,41","52.2,53,51","119.25,100,108",,,"105,117,116","120,120,116","86,85,70",,,
Average,12,41,46.33,74.33,13.67,44.33,76.67,63,71,,41,52.07,109.08,,,112.67,118.67,80.33,,,
Ammonia,,,,,,,,,,,,,,,,,,,,,
Method,Test strips,Test strips,Test strips,Test strips,Test strips,Test strips,Test strips,Test strips,Test strips,Test strips,Test strips,Test strips,Test strips,Test strips,,,Test strips,Test strips,,,
Unit,ppm,ppm,ppm,ppm,ppm,ppm,ppm,ppm,ppm,ppm,ppm,ppm,ppm,ppm,,,ppm,ppm,,,
Results,"0.25,0.25,0.25","0.25,0.25,0.25","25,25,25","0,0,0","17,26,12","0.25,0.25,0.25","0.25,0.26,0.25","0.25,0.3","0.25,0,0","1,0.5,0.5","0.25,0.25,0.25","0.25,0.25,0.25","0.5,0.35,0.25","0.25,0.25,0.25",,,"0,0,0","0,0,0",,,
Average,0.25,0.25,25,0,18.33,0.25,0.25,0.28,0.25,0.67,0.25,0.25,0.37,0.25,,,0,0,,,
Nitrates,,,,,,,,,,,,,,,,,,,,,
Method,Test strips,Test strips,Test strips,Test strips,Test strips,Test strips,Test strips,Test strips,Test strips,,Test strips,Test strips,Test strips,,,Test strips,,Test strips,,,
Unit,ppm,ppm,ppm,ppm,ppm,ppm,ppm,ppm,ppm,,ppm,ppm,ppm,,,ppm,,ppm,,,
Results,"21,20,20","0.5,0.5,0.5","0,0,0","0,0,0","8,14,9","20,20,21","10,25",,"0,0,0",,"0.25,0.25,0.25","0,0,0","30,30,15",,,"0,0,0",,"0,0,0",,,
Average,20.33,0.5,0,0,10.33,20.33,17.5,0,0,,0.25,0,25,,,0,,0,,,
Other,,,,,,,,,,,,,,,,,,,,,
Label,Phosphate,,,Nitrite,,,,,Nitrite,Nitrite,,Nitrite,,Phosphates,,Phosphate,,,,,
Method,Test Strip,,,test strips,,,,,test strip,Test strip,,Test strip,,Test Strips,,test trips,,,,,
Unit,ppm,,,ppm,,,,,ppm,Ppm,,PPM,,ppm,,PPT,,,,,
Results,"5,6,4",,,"0,0,0",,,,,"0,0,0","0,0,0",,"0,0,0",,"5,5,5",,"15,16,15",,,,,
Average,5,,,0,,,,,0,0,,0,,5,,15.33,,,,,
Water Quality Sample #2,,,,,,,,,,,,,,,,,,,,,
Depth (m),,,,,,,,,0,,,,,,,,,,,,
Location (coordinates),,,,,,,,,"40.76845173617708, -73.93850326538086",,,,,,,,,,,,
Water Temperature,,,,,,,,,,,,,,,,,,,,,
Method,,,,,,,,,Analog thermometer,,,,,,,,,,,,
Unit,,,,,,,,,C,,,,,,,,,,,,
Results,,,,,,,,,"5,6,4",,,,,,,,,,,,
Average,,,,,,,,,5,,,,,,,,,,,,
Dissolved Oxygen,,,,,,,,,,,,,,,,,,,,,
Method,,,,,,,,,Colormetric ampules,,,,,,,,,,,,
Unit,,,,,,,,,mg/L (ppm),,,,,,,,,,,,
Results,,,,,,,,,"8,7,9",,,,,,,,,,,,
Average,,,,,,,,,8,,,,,,,,,,,,
Salinity,,,,,,,,,,,,,,,,,,,,,
Method,,,,,,,,,Hydrometer,,,,,,,,,,,,
Unit,,,,,,,,,PPT,,,,,,,,,,,,
Results,,,,,,,,,"15,14,14",,,,,,,,,,,,
Average,,,,,,,,,14.33,,,,,,,,,,,,
pH,,,,,,,,,,,,,,,,,,,,,
Method,,,,,,,,,Test strips,,,,,,,,,,,,
Unit,,,,,,,,,pH (logscale),,,,,,,,,,,,
Results,,,,,,,,,"6.5,6.5,6.5",,,,,,,,,,,,
Average,,,,,,,,,6.5,,,,,,,,,,,,
Turbidity,,,,,,,,,,,,,,,,,,,,,
Method,,,,,,,,,Turbidity tube,,,,,,,,,,,,
Unit,,,,,,,,,cm,,,,,,,,,,,,
Results,,,,,,,,,"70,71,68",,,,,,,,,,,,
Average,,,,,,,,,69.67,,,,,,,,,,,,
Ammonia,,,,,,,,,,,,,,,,,,,,,
Method,,,,,,,,,Test strips,,,,,,,,,,,,
Unit,,,,,,,,,ppm,,,,,,,,,,,,
Results,,,,,,,,,"0,0.25,0.25",,,,,,,,,,,,
Average,,,,,,,,,0.25,,,,,,,,,,,,
Nitrates,,,,,,,,,,,,,,,,,,,,,
Method,,,,,,,,,Test strips,,,,,,,,,,,,
Unit,,,,,,,,,ppm,,,,,,,,,,,,
Results,,,,,,,,,"0,0,0",,,,,,,,,,,,
Average,,,,,,,,,0,,,,,,,,,,,,
Other,,,,,,,,,,,,,,,,,,,,,
Label,,,,,,,,,Phosphate,,,,,,,,,,,,
Method,,,,,,,,,test strips,,,,,,,,,,,,
Unit,,,,,,,,,ppm,,,,,,,,,,,,
Results,,,,,,,,,"5,5,5",,,,,,,,,,,,
Average,,,,,,,,,5,,,,,,,,,,,,
